[
  {
    "id": "e7df9e4b-b6d7-4bd1-b584-fd818f95610c",
    "data": [
      {
        "text": "I am ",
        "userDefined": false
      },
      {
        "text": "jothika",
        "meta": "@sys.any",
        "alias": "any",
        "userDefined": true
      },
      {
        "text": ". I wanted to book ",
        "userDefined": false
      },
      {
        "text": "6",
        "meta": "@sys.number",
        "alias": "number",
        "userDefined": true
      },
      {
        "text": " seats in ",
        "userDefined": false
      },
      {
        "text": "Hayder restaurant",
        "meta": "@sys.address",
        "alias": "address",
        "userDefined": true
      },
      {
        "text": " ",
        "userDefined": false
      },
      {
        "text": "today",
        "meta": "@sys.date",
        "alias": "data",
        "userDefined": true
      },
      {
        "text": ".",
        "userDefined": false
      }
    ],
    "isTemplate": false,
    "count": 0,
    "lang": "en",
    "updated": 0
  },
  {
    "id": "8251dbf3-89ef-4f2a-9f9c-5cc7c89bda79",
    "data": [
      {
        "text": "reserve seats for this number ",
        "userDefined": false
      },
      {
        "text": "9876543210",
        "meta": "@sys.phone-number",
        "alias": "phone-number",
        "userDefined": true
      }
    ],
    "isTemplate": false,
    "count": 0,
    "lang": "en",
    "updated": 0
  },
  {
    "id": "2a01d86a-a085-4036-ac74-34cc38d4b303",
    "data": [
      {
        "text": "pls confirm reservation for ",
        "userDefined": false
      },
      {
        "text": "6",
        "meta": "@sys.number",
        "alias": "number",
        "userDefined": true
      },
      {
        "text": " seats in ",
        "userDefined": false
      },
      {
        "text": "Malpe hotel, Kochi.",
        "meta": "@sys.address",
        "alias": "address",
        "userDefined": true
      }
    ],
    "isTemplate": false,
    "count": 0,
    "lang": "en",
    "updated": 0
  },
  {
    "id": "abdbe01e-494e-4071-b35f-84bda290f32a",
    "data": [
      {
        "text": "book ",
        "userDefined": false
      },
      {
        "text": "2",
        "meta": "@sys.number",
        "alias": "number",
        "userDefined": false
      },
      {
        "text": " seats for ",
        "userDefined": false
      },
      {
        "text": "tomorrow",
        "meta": "@sys.date",
        "alias": "data",
        "userDefined": true
      }
    ],
    "isTemplate": false,
    "count": 0,
    "lang": "en",
    "updated": 0
  },
  {
    "id": "668511fc-0362-477d-9392-08206aed3a01",
    "data": [
      {
        "text": "To book a table for ",
        "userDefined": false
      },
      {
        "text": "lunch",
        "meta": "@sys.time",
        "alias": "time",
        "userDefined": true
      }
    ],
    "isTemplate": false,
    "count": 0,
    "lang": "en",
    "updated": 0
  },
  {
    "id": "bb0736fb-4972-40a4-ba70-41d48518735b",
    "data": [
      {
        "text": "reserve a table",
        "userDefined": false
      }
    ],
    "isTemplate": false,
    "count": 0,
    "lang": "en",
    "updated": 0
  },
  {
    "id": "c470be99-648c-47e1-bbeb-ce4f88387baa",
    "data": [
      {
        "text": "book restaurant",
        "userDefined": false
      }
    ],
    "isTemplate": false,
    "count": 0,
    "lang": "en",
    "updated": 0
  },
  {
    "id": "40954a3a-8042-4d2d-a387-6469e84c1d98",
    "data": [
      {
        "text": "I want to reserve a seat for ",
        "userDefined": false
      },
      {
        "text": "dinner",
        "meta": "@sys.time",
        "alias": "time",
        "userDefined": true
      }
    ],
    "isTemplate": false,
    "count": 0,
    "lang": "en",
    "updated": 0
  }
]